label,n1,n2,M1,SD1,M2,SD2,t,p,tail,sig
Accuracy: NB > AB (H0: no diff),87,79,0.8704022988505749,0.07269008117776854,0.8376582278481012,0.08222403511544157,2.707013557626154,0.003771714082795289,one-tailed (greater),**
Response Time: NB < AB (H0: no diff),87,79,5.764965676781094,1.6371822591070637,5.580681996075798,1.484308302705857,0.7606393040251047,0.7760176245416526,one-tailed (less),ns
