label,n1,n2,M1,SD1,M2,SD2,t,p,tail,sig
Accuracy: Male vs Female,103,45.0,0.8487864077669904,0.07760023884204159,0.8749999999999999,0.07385489458759964,-1.955605716869005,0.053689236778311826,two-tailed,ns
Accuracy: Right-Handed vs Left-Handed,140,8.0,0.8594642857142857,0.07445653560118635,0.809375,0.1109516464823432,1.260778503269623,0.24586134400488707,two-tailed,ns
Accuracy: Normal vs Corrected Vision,75,71.0,0.856,0.07464329589200641,0.8545774647887324,0.07931738450623202,0.11145663789694604,0.9114115307436244,two-tailed,ns
Accuracy ~ Age (Pearson Correlation),148,,22.18918918918919,2.1103933003900743,0.8567567567567567,0.07718443514637909,-0.14676235564574674,0.07508357035009439,Pearson Correlation,ns
