Condition,FrameType,count,mean,std,median,mode,IQR,Q25,Q75,min,max
Abrupt Cut (AB),Before Boundary (BB),79.0,0.8215189873417721,0.10460044378484737,0.85,0.85,0.15000000000000002,0.75,0.9,0.45,1.0
Abrupt Cut (AB),Event Middle (EM),79.0,0.8537974683544303,0.09260204070227906,0.85,0.95,0.1499999999999999,0.8,0.95,0.5,1.0
Natural Cut (NB),Before Boundary (BB),87.0,0.858045977011494,0.09671149952618932,0.85,0.9,0.1499999999999999,0.8,0.95,0.6,1.0
Natural Cut (NB),Event Middle (EM),87.0,0.8827586206896552,0.07954360593150783,0.9,0.95,0.09999999999999998,0.85,0.95,0.6,1.0
