label,n1,n2,M1,SD1,M2,SD2,t,p,tail,sig
Confidence (Before Boundary): NB vs AB,87,79,4.192528735632184,0.4281197897752684,4.020253164556962,0.49084692554479775,2.3990885704444147,0.008809328393891688,one-tailed (greater),**
Confidence (Event Middle): NB vs AB,87,79,4.2091954022988505,0.44594612874881784,4.118987341772151,0.46120687537047517,1.2785001103264966,0.2029102664422763,two-tailed,ns
