label,n1,n2,M1,SD1,M2,SD2,t,p,tail,sig
Confidence (Correct Responses): NB vs AB,87,79,4.313601533096033,0.38946419365159707,4.203893093605228,0.4300300870804044,1.7166459315046536,0.04400194172478521,one-tailed (greater),*
Confidence (Incorrect Responses): NB vs AB,86,79,3.3563042254902724,0.8737682337152929,3.361581652813969,0.7870945228463492,-0.04081405621879922,0.9674941005434231,two-tailed,ns
