,Accuracy,Accuracy,Accuracy,Accuracy,Accuracy,Accuracy,Accuracy,Accuracy,Accuracy,Accuracy,ResponseTime,ResponseTime,ResponseTime,ResponseTime,ResponseTime,ResponseTime,ResponseTime,ResponseTime,ResponseTime,ResponseTime
,count,mean,std,median,mode,IQR,Q25,Q75,min,max,count,mean,std,median,mode,IQR,Q25,Q75,min,max
Condition,,,,,,,,,,,,,,,,,,,,
Abrupt Cut (AB),79.0,0.8376582278481012,0.08222403511544157,0.85,0.825,0.125,0.775,0.9,0.575,0.975,79.0,5.580681996075798,1.484308302705857,5.341037039991352,3.2507926425038023,1.4858793499978526,4.687922792501195,6.1738021424990475,3.2507926425038023,11.632787677500255
Natural Cut (NB),87.0,0.8704022988505749,0.07269008117776854,0.875,0.9,0.10000000000000009,0.825,0.925,0.65,1.0,87.0,5.764965676781094,1.6371822591070637,5.5575203750049695,2.9811025575036183,1.460571873747904,4.800265758749083,6.260837632496987,2.9811025575036183,12.179665147500781
