AgeBin,count,mean,std,median,mode,IQR,Q25,Q75,min,max
19-21,63.0,0.8710317460317462,0.08318342892008121,0.875,0.95,0.11250000000000004,0.825,0.9375,0.575,1.0
22-24,62.0,0.8439516129032257,0.07022876609709038,0.85,0.825,0.09999999999999998,0.8,0.9,0.675,0.975
25-27,21.0,0.8464285714285713,0.07553381456577672,0.875,0.875,0.09999999999999998,0.8,0.9,0.7,0.975
28-30,2.0,0.9125000000000001,0.017677669529663705,0.9125000000000001,0.9,0.012500000000000067,0.90625,0.9187500000000001,0.9,0.925
